local_id	wikidata_qid	wikidata_url	item_type	label_sr	label_en	description_sr	description_en	site_page	related_publication_id	related_cluster_id	relation_to_corpus	status	checked_date	notes
local-modernity-symbolic-power	Q139501155	https://www.wikidata.org/wiki/Q139501155	research_framework	Локална модерност и симболичка власт у југоисточној Европи	Local modernity and symbolic power in Southeast Europe		Historiographical framework that interprets processes of modernity through local case studies, emphasizing the role of symbolic power, cultural practices, and political legitimacy in shaping social transformation in Southeast Europe.	https://milos-timotijevic.github.io/knowledge-graph/research/local-modernity-symbolic-power.html		cacak-local-modernity;cultural-heritage-museums-public-history;culture-nationalism-symbolic-representation;national-ideology-intellectual-debates;political-rituals-symbolic-politics;religious-life-social-practices;war-propaganda-memory	main_framework	checked	2026-06-23	Main framework item; listed as related item inside cluster lists in supplied data.
cacak-local-modernity	Q139413866	https://www.wikidata.org/wiki/Q139413866	research_cluster	Чачак као студија случаја локалне модерности у југоисточној Европи	Čačak as a case study of local modernity in Southeast Europe		historiographical concept using the town of Čačak as a case study for analyzing processes of local modernity, urban transformation, cultural practices, and political symbolism in Southeast Europe during the 19th and 20th centuries.	https://milos-timotijevic.github.io/knowledge-graph/research/cacak-local-modernity-case-study.html		cacak-local-modernity	cluster	checked	2026-06-23	Research cluster item; child of the main framework.
political-rituals-symbolic-politics	Q139413904	https://www.wikidata.org/wiki/Q139413904	research_cluster	Политички ритуали и симболичка политика у модерној Србији	Political rituals and symbolic politics in modern Serbia		historiographical concept analyzing political rituals, public ceremonies, and symbolic practices as instruments of power, legitimacy, and political communication in modern Serbia	https://milos-timotijevic.github.io/knowledge-graph/research/political-rituals-symbolic-politics.html		political-rituals-symbolic-politics	cluster	checked	2026-06-23	Research cluster item; child of the main framework.
national-ideology-intellectual-debates	Q139569355	https://www.wikidata.org/wiki/Q139569355	research_cluster	Национална идеологија и интелектуалне расправе у модерној Србији	National ideology and intellectual debates in modern Serbia		historiographical concept focused on the study of national ideology, intellectual debates, and political thought in modern Serbia	https://milos-timotijevic.github.io/knowledge-graph/research/national-ideology-intellectual-debates.html		national-ideology-intellectual-debates	cluster	checked	2026-06-23	Research cluster item; child of the main framework.
war-propaganda-memory	Q139569742	https://www.wikidata.org/wiki/Q139569742	research_cluster	Рат, пропаганда и култура сећања у Србији 20. века	War, propaganda and memory in 20th-century Serbia		historiographical concept analyzing war, propaganda, and collective memory as interconnected processes shaping political narratives and social identities in 20th-century Serbia	https://milos-timotijevic.github.io/knowledge-graph/research/war-propaganda-memory.html		war-propaganda-memory	cluster	checked	2026-06-23	Research cluster item; child of the main framework.
culture-nationalism-symbolic-representation	Q139569852	https://www.wikidata.org/wiki/Q139569852	research_cluster	Култура, национализам и симболичка репрезентација у модерној Србији	Culture, nationalism and symbolic representation in modern Serbia		historiographical concept analyzing cultural production, visual representation, and symbolic practices as mechanisms for constructing national identity and political meaning in modern Serbia	https://milos-timotijevic.github.io/knowledge-graph/research/culture-nationalism-symbolic-representation.html		culture-nationalism-symbolic-representation	cluster	checked	2026-06-23	Research cluster item; child of the main framework.
cultural-heritage-museums-public-history	Q139570560	https://www.wikidata.org/wiki/Q139570560	research_cluster	Културно наслеђе, музеји и јавна историја у модерној Србији	Cultural heritage, museums and public history in modern Serbia		historiographical concept analyzing cultural heritage, museum practices, and public history as forms of identity construction and symbolic representation in modern Serbia	https://milos-timotijevic.github.io/knowledge-graph/research/cultural-heritage-museums-public-history.html		cultural-heritage-museums-public-history	cluster	checked	2026-06-23	Research cluster item; child of the main framework.
religious-life-social-practices	Q139570614	https://www.wikidata.org/wiki/Q139570614	research_cluster	Религијски живот и друштвене праксе у модерној Србији	Religious life and social practices in modern Serbia		historiographical concept analyzing religious life, everyday practices, and social behavior as components of cultural and social transformation in modern Serbia	https://milos-timotijevic.github.io/knowledge-graph/research/religious-life-social-practices.html		religious-life-social-practices	cluster	checked	2026-06-23	Research cluster item; child of the main framework.
modernization-of-the-balkan-city-1944-1989-a-comparative-analysis-of-t	Q138007034	https://www.wikidata.org/wiki/Q138007034	publication		Modernization of the Balkan City (1944–1989): A Comparative Analysis of the Development of Čačak and Blagoevgrad in the Socialist Era				modernization-of-the-balkan-city-1944-1989-a-comparative-analysis-of-t	cacak-local-modernity	publication_item	checked	2026-06-23	Publication item listed in supplied cluster data.
city-center-and-architectural-heritage-of-socialism-the-case-of-cacak	Q138757156	https://www.wikidata.org/wiki/Q138757156	publication		City Center and Architectural Heritage of Socialism: The Case of Čačak (1944–1990)				city-center-and-architectural-heritage-of-socialism-the-case-of-cacak	cacak-local-modernity	publication_item	checked	2026-06-23	Publication item listed in supplied cluster data.
town-in-the-interior-forms-spaces-and-boundaries-of-private-and-public	Q138862911	https://www.wikidata.org/wiki/Q138862911	publication		Town in the Interior: Forms, Spaces and Boundaries of Private and Public in the 20th Century				town-in-the-interior-forms-spaces-and-boundaries-of-private-and-public	cacak-local-modernity	publication_item	checked	2026-06-23	Publication item listed in supplied cluster data.
cacak-in-the-era-of-socialism-1944-1990-photography-as-a-representatio	Q139332468	https://www.wikidata.org/wiki/Q139332468	publication		Čačak in the Era of Socialism (1944–1990): Photography as a Representation of Political Power				cacak-in-the-era-of-socialism-1944-1990-photography-as-a-representatio	cacak-local-modernity;culture-nationalism-symbolic-representation	publication_item	checked	2026-06-23	Publication item listed in 2 supplied clusters.
how-cacak-became-the-city-of-basketball-1945-1969-sport-and-identity	Q139439617	https://www.wikidata.org/wiki/Q139439617	publication		How Čačak Became the City of Basketball (1945–1969): Sport and Identity				how-cacak-became-the-city-of-basketball-1945-1969-sport-and-identity	cacak-local-modernity;culture-nationalism-symbolic-representation	publication_item	checked	2026-06-23	Publication item listed in 2 supplied clusters.
the-concept-of-the-permanent-exhibition-of-the-museum-of-basketball-in	Q139471005	https://www.wikidata.org/wiki/Q139471005	publication		The Concept of the Permanent Exhibition of the “Museum of Basketball” in Čačak				the-concept-of-the-permanent-exhibition-of-the-museum-of-basketball-in	cacak-local-modernity;cultural-heritage-museums-public-history	publication_item	checked	2026-06-23	Publication item listed in 2 supplied clusters.
basketball-and-the-creation-of-the-local-identity-of-cacak	Q139487858	https://www.wikidata.org/wiki/Q139487858	publication		Basketball and the Creation of the Local Identity of Čačak				basketball-and-the-creation-of-the-local-identity-of-cacak	cacak-local-modernity	publication_item	checked	2026-06-23	Publication item listed in supplied cluster data.
basketball-in-cacak-1940-1951	Q139488068	https://www.wikidata.org/wiki/Q139488068	publication		Basketball in Čačak, 1940–1951				basketball-in-cacak-1940-1951	cacak-local-modernity	publication_item	checked	2026-06-23	Publication item listed in supplied cluster data.
prostitution-in-cacak-during-the-20th-century	Q139500857	https://www.wikidata.org/wiki/Q139500857	publication		Prostitution in Čačak during the 20th Century				prostitution-in-cacak-during-the-20th-century	cacak-local-modernity	publication_item	checked	2026-06-23	Publication item listed in supplied cluster data.
cacak-under-occupation-1941-1944-economy-and-society	Q139549522	https://www.wikidata.org/wiki/Q139549522	publication		Čačak under Occupation, 1941–1944: Economy and Society				cacak-under-occupation-1941-1944-economy-and-society	cacak-local-modernity;war-propaganda-memory	publication_item	checked	2026-06-23	Publication item listed in 2 supplied clusters.
the-street-names-of-cacak-1893-1992-a-century-of-constructing-collecti	Q139555830	https://www.wikidata.org/wiki/Q139555830	publication		The Street Names of Čačak, 1893–1992: A Century of Constructing Collective Identity				the-street-names-of-cacak-1893-1992-a-century-of-constructing-collecti	cacak-local-modernity;political-rituals-symbolic-politics	publication_item	checked	2026-06-23	Publication item listed in 2 supplied clusters.
first-citizen-of-a-small-town-the-role-of-the-municipal-president-in-t	Q139555900	https://www.wikidata.org/wiki/Q139555900	publication		“First Citizen of a Small Town”: The Role of the Municipal President in the Local Power Elite during Socialism – The Case of Čačak				first-citizen-of-a-small-town-the-role-of-the-municipal-president-in-t	cacak-local-modernity	publication_item	checked	2026-06-23	Publication item listed in supplied cluster data.
in-the-labyrinth-within-internal-boundaries-location-of-cacak-in-the-t	Q139569269	https://www.wikidata.org/wiki/Q139569269	publication		In the Labyrinth within Internal Boundaries – Location of Čačak in the Territorial Division of Serbia 1804–2009				in-the-labyrinth-within-internal-boundaries-location-of-cacak-in-the-t	cacak-local-modernity;culture-nationalism-symbolic-representation	publication_item	checked	2026-06-23	Publication item listed in 2 supplied clusters.
although-you-are-not-physically-alive-you-radiate-upon-us-like-living	Q139569304	https://www.wikidata.org/wiki/Q139569304	publication		Although You Are Not Physically Alive, You Radiate Upon Us Like Living Beings: The Construction of the Memorial Ossuary and the Shaping of the Central Square in Čačak, 1945–1955				although-you-are-not-physically-alive-you-radiate-upon-us-like-living	cacak-local-modernity;political-rituals-symbolic-politics	publication_item	checked	2026-06-23	Publication item listed in 2 supplied clusters.
fight-among-traditions-street-names-in-cacak-1893-2005	Q139588044	https://www.wikidata.org/wiki/Q139588044	publication		Fight among Traditions: Street Names in Čačak 1893–2005				fight-among-traditions-street-names-in-cacak-1893-2005	cacak-local-modernity	publication_item	checked	2026-06-23	Publication item listed in supplied cluster data.
cacak-on-the-eve-of-the-second-world-war-1938-1941-social-economic-and	Q139588128	https://www.wikidata.org/wiki/Q139588128	publication		Čačak on the Eve of the Second World War, 1938–1941: Social, Economic, and Political Structure				cacak-on-the-eve-of-the-second-world-war-1938-1941-social-economic-and	cacak-local-modernity	publication_item	checked	2026-06-23	Publication item listed in supplied cluster data.
industrialization-of-cacak-1944-1956	Q139588535	https://www.wikidata.org/wiki/Q139588535	publication		Industrialization of Čačak 1944–1956				industrialization-of-cacak-1944-1956	cacak-local-modernity	publication_item	checked	2026-06-23	Publication item listed in supplied cluster data.
municipal-government-in-cacak-between-the-two-world-wars	Q139592921	https://www.wikidata.org/wiki/Q139592921	publication		Municipal Government in Čačak between the Two World Wars				municipal-government-in-cacak-between-the-two-world-wars	cacak-local-modernity	publication_item	checked	2026-06-23	Publication item listed in supplied cluster data.
presidents-of-the-municipality-of-cacak-1944-2010	Q139593166	https://www.wikidata.org/wiki/Q139593166	publication		Presidents of the Municipality of Čačak (1944–2010)				presidents-of-the-municipality-of-cacak-1944-2010	cacak-local-modernity	publication_item	checked	2026-06-23	Publication item listed in supplied cluster data.
creation-of-the-serbian-holy-mountain-ovcar-kablar-monasteries-from-th	Q139600895	https://www.wikidata.org/wiki/Q139600895	publication		Creation of the Serbian Holy Mountain: Ovčar-Kablar Monasteries from the 14th to the Late 20th Century				creation-of-the-serbian-holy-mountain-ovcar-kablar-monasteries-from-th	cacak-local-modernity	publication_item	checked	2026-06-23	Publication item listed in supplied cluster data.
exclamations-of-sincere-enthusiasm-the-ephemeral-spectacle-and-the-jou	Q138005790	https://www.wikidata.org/wiki/Q138005790	publication		Exclamations of Sincere Enthusiasm: The Ephemeral Spectacle and the Journey of King Alexander and Queen Draga Obrenović in 1901				exclamations-of-sincere-enthusiasm-the-ephemeral-spectacle-and-the-jou	political-rituals-symbolic-politics	publication_item	checked	2026-06-23	Publication item listed in supplied cluster data.
ritual-and-politics-the-register-of-godparenthood-of-king-alexander-i	Q138470911	https://www.wikidata.org/wiki/Q138470911	publication		Ritual and Politics: The Register of Godparenthood of King Alexander I Karađorđević (1921–1934)				ritual-and-politics-the-register-of-godparenthood-of-king-alexander-i	national-ideology-intellectual-debates;political-rituals-symbolic-politics	publication_item	checked	2026-06-23	Publication item listed in 2 supplied clusters.
splendor-of-homeland-festivity-visit-of-king-alexander-and-queen-draga	Q138479386	https://www.wikidata.org/wiki/Q138479386	publication		Splendor of Homeland Festivity: Visit of King Alexander and Queen Draga to Čačak in 1901				splendor-of-homeland-festivity-visit-of-king-alexander-and-queen-draga	political-rituals-symbolic-politics	publication_item	checked	2026-06-23	Publication item listed in supplied cluster data.
always-faithful-subjects-a-list-of-persons-who-were-awarded-an-order-o	Q138479916	https://www.wikidata.org/wiki/Q138479916	publication		Always Faithful Subjects: A List of Persons Who Were Awarded an Order on the Occasion of Queen Draga’s Birthday on 11 September 1901				always-faithful-subjects-a-list-of-persons-who-were-awarded-an-order-o	political-rituals-symbolic-politics	publication_item	checked	2026-06-23	Publication item listed in supplied cluster data.
the-cult-of-saints-places-of-remembrance-and-political-myths-example-o	Q138480439	https://www.wikidata.org/wiki/Q138480439	publication		The Cult of Saints, Places of Remembrance and Political Myths: Example of Vujan Monastery, Burial Church of Family Lunjevica				the-cult-of-saints-places-of-remembrance-and-political-myths-example-o	national-ideology-intellectual-debates;political-rituals-symbolic-politics	publication_item	checked	2026-06-23	Publication item listed in 2 supplied clusters.
ephemeral-spectacle-and-princely-visits-of-prince-mihailo-obrenovic-to	Q138744868	https://www.wikidata.org/wiki/Q138744868	publication		Ephemeral spectacle and princely visits of Prince Mihailo Obrenović to towns in Serbia				ephemeral-spectacle-and-princely-visits-of-prince-mihailo-obrenovic-to	political-rituals-symbolic-politics	publication_item	checked	2026-06-23	Publication item listed in supplied cluster data.
rulers-and-towns-the-press-on-the-visits-of-the-obrenovic-and-karadjor	Q138747994	https://www.wikidata.org/wiki/Q138747994	publication		Rulers and Towns: The Press on the Visits of the Obrenović and Karađorđević Dynasties to Kraljevo, Čačak, and Gornji Milanovac (19th and Early 20th Century)				rulers-and-towns-the-press-on-the-visits-of-the-obrenovic-and-karadjor	political-rituals-symbolic-politics	publication_item	checked	2026-06-23	Publication item listed in supplied cluster data.
operation-halyard-war-propaganda-the-bombing-of-serbian-cities-and-the	Q139412435	https://www.wikidata.org/wiki/Q139412435	publication		Operation “Halyard”: War Propaganda, the Bombing of Serbian Cities, and the Evacuation of Allied Airmen, 1943–1944				operation-halyard-war-propaganda-the-bombing-of-serbian-cities-and-the	political-rituals-symbolic-politics;war-propaganda-memory	publication_item	checked	2026-06-23	Publication item listed in 2 supplied clusters.
the-yugoslav-army-in-the-fatherland-and-american-aviators-an-example-o	Q139413108	https://www.wikidata.org/wiki/Q139413108	publication		The Yugoslav Army in the Fatherland and American Aviators: An Example of the Rescue and Evacuation of a B-24 Liberator Crew Crashed in the Village of Rakova near Čačak				the-yugoslav-army-in-the-fatherland-and-american-aviators-an-example-o	political-rituals-symbolic-politics;war-propaganda-memory	publication_item	checked	2026-06-23	Publication item listed in 2 supplied clusters.
communism-as-a-new-religion	Q139526047	https://www.wikidata.org/wiki/Q139526047	publication		Communism as a New Religion				communism-as-a-new-religion	national-ideology-intellectual-debates;political-rituals-symbolic-politics	publication_item	checked	2026-06-23	Publication item listed in 2 supplied clusters.
the-children-of-saint-sava-the-origin-and-meaning-of-the-covenantal-co	Q139528747	https://www.wikidata.org/wiki/Q139528747	publication		The Children of Saint Sava: The Origin and Meaning of the Covenantal Community Among Serbs				the-children-of-saint-sava-the-origin-and-meaning-of-the-covenantal-co	national-ideology-intellectual-debates;political-rituals-symbolic-politics	publication_item	checked	2026-06-23	Publication item listed in 2 supplied clusters.
legends-of-the-buried-treasure-of-western-serbia	Q139539967	https://www.wikidata.org/wiki/Q139539967	publication		Legends of the Buried Treasure of Western Serbia				legends-of-the-buried-treasure-of-western-serbia	political-rituals-symbolic-politics	publication_item	checked	2026-06-23	Publication item listed in supplied cluster data.
destiny-of-silver-from-the-republic-of-uzice	Q139540111	https://www.wikidata.org/wiki/Q139540111	publication		Destiny of Silver from the Republic of Užice				destiny-of-silver-from-the-republic-of-uzice	political-rituals-symbolic-politics;war-propaganda-memory	publication_item	checked	2026-06-23	Publication item listed in 2 supplied clusters.
celestial-signs-and-earth-conditions-astronomical-phenomena-meteorolog	Q139545635	https://www.wikidata.org/wiki/Q139545635	publication		Celestial Signs and Earth Conditions: Astronomical Phenomena, Meteorological Changes and Geological Activity in Serbia in 1941				celestial-signs-and-earth-conditions-astronomical-phenomena-meteorolog	political-rituals-symbolic-politics;war-propaganda-memory	publication_item	checked	2026-06-23	Publication item listed in 2 supplied clusters.
the-struggle-against-bandits-rapists-and-beast-women-collaborationist	Q139549107	https://www.wikidata.org/wiki/Q139549107	publication		The Struggle Against “Bandits”, “Rapists”, and “Beast-Women”: Collaborationist Press Discourse on Communists in Occupied Serbia in 1941				the-struggle-against-bandits-rapists-and-beast-women-collaborationist	political-rituals-symbolic-politics;war-propaganda-memory	publication_item	checked	2026-06-23	Publication item listed in 2 supplied clusters.
city-and-crime-collaborationist-press-writing-on-criminal-offences-in	Q139549166	https://www.wikidata.org/wiki/Q139549166	publication		City and Crime: Collaborationist Press Writing on Criminal Offences in the Cities of Occupied Serbia in 1941				city-and-crime-collaborationist-press-writing-on-criminal-offences-in	political-rituals-symbolic-politics;war-propaganda-memory	publication_item	checked	2026-06-23	Publication item listed in 2 supplied clusters.
blood-among-brothers-collaborationist-press-writing-on-crime-in-the-vi	Q139549372	https://www.wikidata.org/wiki/Q139549372	publication		Blood Among Brothers: Collaborationist Press Writing on Crime in the Villages of Occupied Serbia in 1941				blood-among-brothers-collaborationist-press-writing-on-crime-in-the-vi	political-rituals-symbolic-politics;war-propaganda-memory	publication_item	checked	2026-06-23	Publication item listed in 2 supplied clusters.
scammers-pickpockets-and-prostitutes-collaborationist-press-discourse	Q139549448	https://www.wikidata.org/wiki/Q139549448	publication		Scammers, Pickpockets, and Prostitutes: Collaborationist Press Discourse on Minor Forms of Crime in the Cities of Occupied Serbia in 1941				scammers-pickpockets-and-prostitutes-collaborationist-press-discourse	political-rituals-symbolic-politics;war-propaganda-memory	publication_item	checked	2026-06-23	Publication item listed in 2 supplied clusters.
conflicting-interpretations-of-world-war-ii-in-the-cacak-region	Q139550827	https://www.wikidata.org/wiki/Q139550827	publication		Conflicting Interpretations of World War II in the Čačak Region				conflicting-interpretations-of-world-war-ii-in-the-cacak-region	political-rituals-symbolic-politics;war-propaganda-memory	publication_item	checked	2026-06-23	Publication item listed in 2 supplied clusters.
70-years-after-the-victory-over-fascism-in-serbia-1945-2015	Q139550895	https://www.wikidata.org/wiki/Q139550895	publication		70 Years after the Victory over Fascism in Serbia (1945–2015)				70-years-after-the-victory-over-fascism-in-serbia-1945-2015	political-rituals-symbolic-politics;war-propaganda-memory	publication_item	checked	2026-06-23	Publication item listed in 2 supplied clusters.
permanent-museum-exhibition-uprisings-and-wars-1804-1941-in-the-reside	Q139553899	https://www.wikidata.org/wiki/Q139553899	publication		Permanent Museum Exhibition “Uprisings and Wars 1804–1941” in the Residence of Jovan Obrenović in Čačak				permanent-museum-exhibition-uprisings-and-wars-1804-1941-in-the-reside	cultural-heritage-museums-public-history;political-rituals-symbolic-politics	publication_item	checked	2026-06-23	Publication item listed in 2 supplied clusters.
takovo-and-ravna-gora-the-old-and-new-mythical-places	Q139586524	https://www.wikidata.org/wiki/Q139586524	publication		Takovo and Ravna Gora: The Old and New Mythical Places				takovo-and-ravna-gora-the-old-and-new-mythical-places	political-rituals-symbolic-politics	publication_item	checked	2026-06-23	Publication item listed in supplied cluster data.
patriotic-and-real-area-region-of-mountain-rudnik-in-the-kingdom-of-yu	Q139587924	https://www.wikidata.org/wiki/Q139587924	publication		‘Patriotic’ and ‘Real’ Area: Region of Mountain Rudnik in the Kingdom of Yugoslavia (1918–1941)				patriotic-and-real-area-region-of-mountain-rudnik-in-the-kingdom-of-yu	political-rituals-symbolic-politics	publication_item	checked	2026-06-23	Publication item listed in supplied cluster data.
serbian-cultural-club-and-general-milan-nedic-a-document-on-private-in	Q139593251	https://www.wikidata.org/wiki/Q139593251	publication		Serbian Cultural Club and General Milan Nedić: A Document on “Private” Initiative in Intelligence Activities at the Beginning of the Second World War (1939)				serbian-cultural-club-and-general-milan-nedic-a-document-on-private-in	political-rituals-symbolic-politics	publication_item	checked	2026-06-23	Publication item listed in supplied cluster data.
heroization-of-the-painter-nadezda-petrovic-1915-1941	Q139593533	https://www.wikidata.org/wiki/Q139593533	publication		Heroization of the Painter Nadežda Petrović (1915–1941)				heroization-of-the-painter-nadezda-petrovic-1915-1941	political-rituals-symbolic-politics	publication_item	checked	2026-06-23	Publication item listed in supplied cluster data.
dragisa-vasic-1885-1945-and-the-serbian-national-idea	Q138006665	https://www.wikidata.org/wiki/Q138006665	publication		Dragiša Vasić (1885–1945) and the Serbian National Idea				dragisa-vasic-1885-1945-and-the-serbian-national-idea	national-ideology-intellectual-debates	publication_item	checked	2026-06-23	Publication item listed in supplied cluster data.
red-or-holy-russia-a-comparison-of-miroslav-krlezas-and-dragisa-vasics	Q138824430	https://www.wikidata.org/wiki/Q138824430	publication		‘Red’ or ‘Holy’ Russia: A Comparison of Miroslav Krleža’s and Dragiša Vasić’s Travelogues on the First Country of Socialism				red-or-holy-russia-a-comparison-of-miroslav-krlezas-and-dragisa-vasics	national-ideology-intellectual-debates	publication_item	checked	2026-06-23	Publication item listed in supplied cluster data.
interwar-attitudes-of-bishop-nikolaj-velimirovic-toward-the-communists	Q138841640	https://www.wikidata.org/wiki/Q138841640	publication		Interwar Attitudes of Bishop Nikolaj Velimirović toward the Communists				interwar-attitudes-of-bishop-nikolaj-velimirovic-toward-the-communists	national-ideology-intellectual-debates	publication_item	checked	2026-06-23	Publication item listed in supplied cluster data.
dragisa-vasic-and-srpski-glas-an-unfinished-national-project	Q138857871	https://www.wikidata.org/wiki/Q138857871	publication		Dragiša Vasić and “Srpski glas”: An Unfinished National Project				dragisa-vasic-and-srpski-glas-an-unfinished-national-project	national-ideology-intellectual-debates	publication_item	checked	2026-06-23	Publication item listed in supplied cluster data.
miroslav-jovanovic-and-social-history	Q138872140	https://www.wikidata.org/wiki/Q138872140	publication		Miroslav Jovanović and Social History				miroslav-jovanovic-and-social-history	national-ideology-intellectual-debates	publication_item	checked	2026-06-23	Publication item listed in supplied cluster data.
blue-horizons-of-radojko-nikolic-from-microhistory-to-social-anthropol	Q138872779	https://www.wikidata.org/wiki/Q138872779	publication		Blue Horizons of Radojko Nikolić: From Microhistory to Social Anthropology				blue-horizons-of-radojko-nikolic-from-microhistory-to-social-anthropol	national-ideology-intellectual-debates	publication_item	checked	2026-06-23	Publication item listed in supplied cluster data.
the-serbian-national-idea-a-brief-overview-of-the-formation-of-a-cultu	Q139096645	https://www.wikidata.org/wiki/Q139096645	publication		The Serbian National Idea – A Brief Overview of the Formation of a Cultural Pattern				the-serbian-national-idea-a-brief-overview-of-the-formation-of-a-cultu	national-ideology-intellectual-debates	publication_item	checked	2026-06-23	Publication item listed in supplied cluster data.
myths-of-recent-serbian-history	Q139439391	https://www.wikidata.org/wiki/Q139439391	publication		Myths of Recent Serbian History				myths-of-recent-serbian-history	national-ideology-intellectual-debates;war-propaganda-memory	publication_item	checked	2026-06-23	Publication item listed in 2 supplied clusters.
storm-winds-blew-bishop-nikolaj-velimirovics-attitudes-toward-jews-lib	Q139514358	https://www.wikidata.org/wiki/Q139514358	publication		“Storm Winds Blew”: Bishop Nikolaj Velimirović’s Attitudes toward Jews, Liberalism, Communism, and Nazism in the Žiča Eparchy Press before World War II				storm-winds-blew-bishop-nikolaj-velimirovics-attitudes-toward-jews-lib	national-ideology-intellectual-debates	publication_item	checked	2026-06-23	Publication item listed in supplied cluster data.
tram-carriage-and-bicycle-everyday-traffic-in-occupied-belgrade-in-194	Q138654626	https://www.wikidata.org/wiki/Q138654626	publication		Tram, carriage and bicycle: Everyday traffic in occupied Belgrade in 1941				tram-carriage-and-bicycle-everyday-traffic-in-occupied-belgrade-in-194	war-propaganda-memory	publication_item	checked	2026-06-23	Publication item listed in supplied cluster data.
financing-of-the-yugoslav-army-in-the-fatherland-of-general-mihailovic	Q138654699	https://www.wikidata.org/wiki/Q138654699	publication		Financing of the Yugoslav Army in the Fatherland of General Mihailović in Serbia, 1941–1944				financing-of-the-yugoslav-army-in-the-fatherland-of-general-mihailovic	war-propaganda-memory	publication_item	checked	2026-06-23	Publication item listed in supplied cluster data.
gold-chetniks-and-partisans-deconstruction-of-one-myth-finances-and-re	Q138658663	https://www.wikidata.org/wiki/Q138658663	publication		Gold Chetniks and Partisans - deconstruction of one myth: finances and resistance to the occupier in Serbia and Yugoslavia 1941-1945.				gold-chetniks-and-partisans-deconstruction-of-one-myth-finances-and-re	war-propaganda-memory	publication_item	checked	2026-06-23	Publication item listed in supplied cluster data.
the-city-and-occupation-everyday-life-in-cacak-in-1941	Q138837172	https://www.wikidata.org/wiki/Q138837172	publication		The City and Occupation: Everyday Life in Čačak in 1941				the-city-and-occupation-everyday-life-in-cacak-in-1941	war-propaganda-memory	publication_item	checked	2026-06-23	Publication item listed in supplied cluster data.
come-and-drink-serbian-blood-you-anglo-american-hyenas-the-allied-bomb	Q138849395	https://www.wikidata.org/wiki/Q138849395	publication		“Come and Drink Serbian Blood, You Anglo-American Hyenas!”: The Allied Bombing of Serbia 1943–1944 and the Propaganda of the Collaborationist Press				come-and-drink-serbian-blood-you-anglo-american-hyenas-the-allied-bomb	war-propaganda-memory	publication_item	checked	2026-06-23	Publication item listed in supplied cluster data.
seventy-years-since-the-victory-over-fascism-1945-2015	Q139378720	https://www.wikidata.org/wiki/Q139378720	publication		Seventy Years Since the Victory over Fascism (1945–2015)				seventy-years-since-the-victory-over-fascism-1945-2015	cultural-heritage-museums-public-history;war-propaganda-memory	publication_item	checked	2026-06-23	Publication item listed in 2 supplied clusters.
zvonko-vuckovic-a-wartime-biography-1941-1944-a-debate-on-the-problems	Q139378954	https://www.wikidata.org/wiki/Q139378954	publication		Zvonko Vučković: A Wartime Biography (1941–1944): A Debate on the Problems of Past and Present				zvonko-vuckovic-a-wartime-biography-1941-1944-a-debate-on-the-problems	war-propaganda-memory	publication_item	checked	2026-06-23	Publication item listed in supplied cluster data.
zvonimir-zvonko-vuckovic-1916-2004-biography-documents-memories	Q139385765	https://www.wikidata.org/wiki/Q139385765	publication		Zvonimir Zvonko Vučković (1916–2004): Biography, Documents, Memories				zvonimir-zvonko-vuckovic-1916-2004-biography-documents-memories	war-propaganda-memory	publication_item	checked	2026-06-23	Publication item listed in supplied cluster data.
brave-partisans-and-evil-chetniks-studies-on-serbia-in-the-second-worl	Q139385880	https://www.wikidata.org/wiki/Q139385880	publication		“Brave” Partisans and “Evil” Chetniks: Studies on Serbia in the Second World War (1941–1945)				brave-partisans-and-evil-chetniks-studies-on-serbia-in-the-second-worl	culture-nationalism-symbolic-representation;war-propaganda-memory	publication_item	checked	2026-06-23	Publication item listed in 2 supplied clusters.
memorial-book-of-those-killed-in-the-wars-of-1991-2000-from-the-kralje	Q139393885	https://www.wikidata.org/wiki/Q139393885	publication		Memorial Book of Those Killed in the Wars of 1991–2000 from the Kraljevo Area				memorial-book-of-those-killed-in-the-wars-of-1991-2000-from-the-kralje	cultural-heritage-museums-public-history;war-propaganda-memory	publication_item	checked	2026-06-23	Publication item listed in 2 supplied clusters.
icon-halyard-an-example-of-contemporary-construction-of-the-serbian-am	Q139413207	https://www.wikidata.org/wiki/Q139413207	publication		“Icon Halyard”: An Example of Contemporary Construction of the Serbian-American Alliance in World War II				icon-halyard-an-example-of-contemporary-construction-of-the-serbian-am	culture-nationalism-symbolic-representation;war-propaganda-memory	publication_item	checked	2026-06-23	Publication item listed in 2 supplied clusters.
the-beginning-of-the-civil-war-in-the-region-of-cacak-in-1941	Q139496274	https://www.wikidata.org/wiki/Q139496274	publication		The Beginning of the Civil War in the Region of Čačak in 1941				the-beginning-of-the-civil-war-in-the-region-of-cacak-in-1941	war-propaganda-memory	publication_item	checked	2026-06-23	Publication item listed in supplied cluster data.
the-day-after-the-destruction-of-the-yugoslav-army-in-the-fatherland-a	Q139496415	https://www.wikidata.org/wiki/Q139496415	publication		“The Day After”: The Destruction of the Yugoslav Army in the Fatherland and the Establishment of Communist Rule in the Čačak Region (1944–1945)				the-day-after-the-destruction-of-the-yugoslav-army-in-the-fatherland-a	war-propaganda-memory	publication_item	checked	2026-06-23	Publication item listed in supplied cluster data.
woman-and-war-the-other-side-of-the-occupation-1941-1945-in-the-cacak	Q139497183	https://www.wikidata.org/wiki/Q139497183	publication		Woman and War: The “Other Side” of the Occupation (1941–1945) in the Čačak Region				woman-and-war-the-other-side-of-the-occupation-1941-1945-in-the-cacak	war-propaganda-memory	publication_item	checked	2026-06-23	Publication item listed in supplied cluster data.
suffering-and-rescue-of-jews-in-cacak-and-its-surroundings-1941-1944	Q139550037	https://www.wikidata.org/wiki/Q139550037	publication		Suffering and Rescue of Jews in Čačak and Its Surroundings, 1941–1944				suffering-and-rescue-of-jews-in-cacak-and-its-surroundings-1941-1944	war-propaganda-memory	publication_item	checked	2026-06-23	Publication item listed in supplied cluster data.
documents-on-the-suffering-of-jews-in-cacak-1941-1942	Q139550124	https://www.wikidata.org/wiki/Q139550124	publication		Documents on the Suffering of Jews in Čačak, 1941–1942				documents-on-the-suffering-of-jews-in-cacak-1941-1942	war-propaganda-memory	publication_item	checked	2026-06-23	Publication item listed in supplied cluster data.
redirect-q139550220	Q139550220	https://www.wikidata.org/wiki/Q139550220	redirect							war-propaganda-memory	redirect_item	needs_update	2026-06-23	Redirect page in supplied data; review or replace with target item.
nadezda-petrovic-life-and-art-in-the-service-of-the-nation	Q138001364	https://www.wikidata.org/wiki/Q138001364	publication		Nadežda Petrović: Life and Art in the Service of the Nation				nadezda-petrovic-life-and-art-in-the-service-of-the-nation	culture-nationalism-symbolic-representation	publication_item	checked	2026-06-23	Publication item listed in supplied cluster data.
the-obrenovic-dynasty-in-museum-and-other-collections-of-serbia-1	Q138618382	https://www.wikidata.org/wiki/Q138618382	publication		The Obrenović Dynasty in Museum and Other Collections of Serbia. 1				the-obrenovic-dynasty-in-museum-and-other-collections-of-serbia-1	cultural-heritage-museums-public-history;culture-nationalism-symbolic-representation	publication_item	checked	2026-06-23	Publication item listed in 2 supplied clusters.
the-obrenovic-dynasty-in-museum-and-other-collections-of-serbia-2	Q138637338	https://www.wikidata.org/wiki/Q138637338	publication		The Obrenović Dynasty in Museum and Other Collections of Serbia. 2				the-obrenovic-dynasty-in-museum-and-other-collections-of-serbia-2	cultural-heritage-museums-public-history;culture-nationalism-symbolic-representation	publication_item	checked	2026-06-23	Publication item listed in 2 supplied clusters.
the-obrenovic-dynasty-in-museum-and-other-collections-of-serbia-and-eu	Q138638440	https://www.wikidata.org/wiki/Q138638440	publication		The Obrenović Dynasty in Museum and Other Collections of Serbia and Europe. 3				the-obrenovic-dynasty-in-museum-and-other-collections-of-serbia-and-eu	cultural-heritage-museums-public-history;culture-nationalism-symbolic-representation	publication_item	checked	2026-06-23	Publication item listed in 2 supplied clusters.
the-obrenovic-dynasty-in-museum-and-other-collections-of-serbia-and-eu	Q138642077	https://www.wikidata.org/wiki/Q138642077	publication		The Obrenović Dynasty in Museum and Other Collections of Serbia and Europe. 4				the-obrenovic-dynasty-in-museum-and-other-collections-of-serbia-and-eu	cultural-heritage-museums-public-history;culture-nationalism-symbolic-representation	publication_item	checked	2026-06-23	Publication item listed in 2 supplied clusters.
the-obrenovic-dynasty-in-museum-and-other-collections-of-serbia-and-eu	Q138646011	https://www.wikidata.org/wiki/Q138646011	publication		The Obrenović Dynasty in Museum and Other Collections of Serbia and Europe. 5				the-obrenovic-dynasty-in-museum-and-other-collections-of-serbia-and-eu	cultural-heritage-museums-public-history;culture-nationalism-symbolic-representation	publication_item	checked	2026-06-23	Publication item listed in 2 supplied clusters.
the-obrenovic-dynasty-in-museum-and-other-collections-of-serbia-and-eu	Q138649812	https://www.wikidata.org/wiki/Q138649812	publication		The Obrenović Dynasty in Museum and Other Collections of Serbia and Europe. 6				the-obrenovic-dynasty-in-museum-and-other-collections-of-serbia-and-eu	cultural-heritage-museums-public-history;culture-nationalism-symbolic-representation	publication_item	checked	2026-06-23	Publication item listed in 2 supplied clusters.
the-obrenovic-dynasty-in-museum-and-other-collections-of-serbia-and-eu	Q138652424	https://www.wikidata.org/wiki/Q138652424	publication		The Obrenović Dynasty in Museum and Other Collections of Serbia and Europe. 7				the-obrenovic-dynasty-in-museum-and-other-collections-of-serbia-and-eu	cultural-heritage-museums-public-history;culture-nationalism-symbolic-representation	publication_item	checked	2026-06-23	Publication item listed in 2 supplied clusters.
battle-of-ljubic-in-official-representative-culture-of-cacak-in-the-19	Q138748192	https://www.wikidata.org/wiki/Q138748192	publication		Battle of Ljubić in official representative culture of Čačak in the 19th and 20th centuries				battle-of-ljubic-in-official-representative-culture-of-cacak-in-the-19	culture-nationalism-symbolic-representation	publication_item	checked	2026-06-23	Publication item listed in supplied cluster data.
politics-art-and-the-creation-of-traditions-the-erection-of-the-nadezd	Q138824150	https://www.wikidata.org/wiki/Q138824150	publication		Politics, Art and the Creation of Traditions: The Erection of the Nadežda Petrović Monument in Čačak in 1955				politics-art-and-the-creation-of-traditions-the-erection-of-the-nadezd	culture-nationalism-symbolic-representation	publication_item	checked	2026-06-23	Publication item listed in supplied cluster data.
carnival-in-guca-trumpet-festival-1961-2004	Q138912053	https://www.wikidata.org/wiki/Q138912053	publication		Carnival in Guča: Trumpet Festival 1961–2004				carnival-in-guca-trumpet-festival-1961-2004	culture-nationalism-symbolic-representation	publication_item	checked	2026-06-23	Publication item listed in supplied cluster data.
the-sokol-movement-in-cacak-1910-1941	Q139255236	https://www.wikidata.org/wiki/Q139255236	publication		The Sokol Movement in Čačak, 1910–1941				the-sokol-movement-in-cacak-1910-1941	culture-nationalism-symbolic-representation	publication_item	checked	2026-06-23	Publication item listed in supplied cluster data.
the-balkan-alliance-1953-1954-and-the-yugoslav-media-image-of-the-poli	Q139496049	https://www.wikidata.org/wiki/Q139496049	publication		The Balkan Alliance 1953–1954 and the Yugoslav Media Image of the Political and Geographical Environment				the-balkan-alliance-1953-1954-and-the-yugoslav-media-image-of-the-poli	culture-nationalism-symbolic-representation	publication_item	checked	2026-06-23	Publication item listed in supplied cluster data.
monastery-of-stjenik-at-the-foot-of-jelica-mountain-real-and-invented	Q139512370	https://www.wikidata.org/wiki/Q139512370	publication		Monastery of Stjenik at the Foot of Jelica Mountain: Real and Invented Traditions				monastery-of-stjenik-at-the-foot-of-jelica-mountain-real-and-invented	culture-nationalism-symbolic-representation;religious-life-social-practices	publication_item	checked	2026-06-23	Publication item listed in 2 supplied clusters.
monasteries-of-the-ovcar-kablar-gorge	Q138425264	https://www.wikidata.org/wiki/Q138425264	publication		Monasteries of the Ovčar-Kablar Gorge				monasteries-of-the-ovcar-kablar-gorge	cultural-heritage-museums-public-history;religious-life-social-practices	publication_item	checked	2026-06-23	Publication item listed in 2 supplied clusters.
the-long-road-to-the-establishment-of-the-national-museum-in-cacak	Q138869770	https://www.wikidata.org/wiki/Q138869770	publication		The Long Road to the Establishment of the National Museum in Čačak				the-long-road-to-the-establishment-of-the-national-museum-in-cacak	cultural-heritage-museums-public-history	publication_item	checked	2026-06-23	Publication item listed in supplied cluster data.
six-decades-of-work-of-the-national-museum-in-cacak-1952-2012	Q138869859	https://www.wikidata.org/wiki/Q138869859	publication		Six Decades of Work of the National Museum in Čačak (1952–2012)				six-decades-of-work-of-the-national-museum-in-cacak-1952-2012	cultural-heritage-museums-public-history	publication_item	checked	2026-06-23	Publication item listed in supplied cluster data.
monasteries-of-the-ovcar-kablar-gorge-guide	Q138940681	https://www.wikidata.org/wiki/Q138940681	publication		Monasteries of the Ovčar–Kablar Gorge: Guide				monasteries-of-the-ovcar-kablar-gorge-guide	cultural-heritage-museums-public-history	publication_item	checked	2026-06-23	Publication item listed in supplied cluster data.
cultural-treasury-of-cacak-from-prehistory-to-the-present-time	Q139055651	https://www.wikidata.org/wiki/Q139055651	publication		Cultural Treasury of Čačak: From Prehistory to the Present Time				cultural-treasury-of-cacak-from-prehistory-to-the-present-time	cultural-heritage-museums-public-history	publication_item	checked	2026-06-23	Publication item listed in supplied cluster data.
the-church-of-the-holy-ascension-of-christ-in-cacak	Q139064421	https://www.wikidata.org/wiki/Q139064421	publication		The Church of the Holy Ascension of Christ in Čačak				the-church-of-the-holy-ascension-of-christ-in-cacak	cultural-heritage-museums-public-history	publication_item	checked	2026-06-23	Publication item listed in supplied cluster data.
the-church-of-the-holy-ascension-of-christ-in-cacak	Q139066613	https://www.wikidata.org/wiki/Q139066613	publication		The Church of the Holy Ascension of Christ in Čačak				the-church-of-the-holy-ascension-of-christ-in-cacak	cultural-heritage-museums-public-history	publication_item	checked	2026-06-23	Publication item listed in supplied cluster data.
treasury-of-the-past-the-ovcar-kablar-gorge-and-its-monasteries	Q139069298	https://www.wikidata.org/wiki/Q139069298	publication		Treasury of the Past: The Ovčar–Kablar Gorge and Its Monasteries				treasury-of-the-past-the-ovcar-kablar-gorge-and-its-monasteries	cultural-heritage-museums-public-history;religious-life-social-practices	publication_item	checked	2026-06-23	Publication item listed in 2 supplied clusters.
album-of-old-cacak-1870-1941	Q139082445	https://www.wikidata.org/wiki/Q139082445	publication		Album of Old Čačak, 1870–1941				album-of-old-cacak-1870-1941	cultural-heritage-museums-public-history	publication_item	checked	2026-06-23	Publication item listed in supplied cluster data.
sokolsko-drustvo-u-cacku-1910-1941	Q139255454	https://www.wikidata.org/wiki/Q139255454	publication		Sokolsko društvo u Čačku: 1910–1941				sokolsko-drustvo-u-cacku-1910-1941	cultural-heritage-museums-public-history	publication_item	checked	2026-06-23	Publication item listed in supplied cluster data.
the-founding-of-the-museum-in-cacak	Q139553811	https://www.wikidata.org/wiki/Q139553811	publication		The Founding of the Museum in Čačak				the-founding-of-the-museum-in-cacak	cultural-heritage-museums-public-history	publication_item	checked	2026-06-23	Publication item listed in supplied cluster data.
history-department-of-the-national-museum-in-cacak-development-and-str	Q139553851	https://www.wikidata.org/wiki/Q139553851	publication		History Department of the National Museum in Čačak: Development and Structure of the Permanent Exhibition (1953–2006)				history-department-of-the-national-museum-in-cacak-development-and-str	cultural-heritage-museums-public-history	publication_item	checked	2026-06-23	Publication item listed in supplied cluster data.
monastery-of-the-annunciation-blagovestenje-ovcar-kablar	Q139601363	https://www.wikidata.org/wiki/Q139601363	publication		Monastery of the Annunciation (Blagoveštenje, Ovčar-Kablar)				monastery-of-the-annunciation-blagovestenje-ovcar-kablar	cultural-heritage-museums-public-history	publication_item	checked	2026-06-23	Publication item listed in supplied cluster data.
soldiers-death-and-tombstone-markings-private-memories-of-the-great-wa	Q138839085	https://www.wikidata.org/wiki/Q138839085	publication		Soldiers, Death and Tombstone Markings: Private Memories of the Great War in Western Serbia				soldiers-death-and-tombstone-markings-private-memories-of-the-great-wa	religious-life-social-practices	publication_item	checked	2026-06-23	Publication item listed in supplied cluster data.
a-century-of-doubt-religious-life-in-the-cacak-district-1886-2008	Q139303677	https://www.wikidata.org/wiki/Q139303677	publication		A Century of Doubt: Religious Life in the Čačak District, 1886–2008				a-century-of-doubt-religious-life-in-the-cacak-district-1886-2008	religious-life-social-practices	publication_item	checked	2026-06-23	Publication item listed in supplied cluster data.
religiosity-of-final-year-primary-school-students-in-the-cacak-region	Q139501095	https://www.wikidata.org/wiki/Q139501095	publication		Religiosity of Final-Year Primary School Students in the Čačak Region: A Survey from 1985				religiosity-of-final-year-primary-school-students-in-the-cacak-region	religious-life-social-practices	publication_item	checked	2026-06-23	Publication item listed in supplied cluster data.
neglected-lords-orchard-religiosity-in-the-cacak-region-during-the-20t	Q139505986	https://www.wikidata.org/wiki/Q139505986	publication		“Neglected Lord’s Orchard”: Religiosity in the Čačak Region during the 20th Century (Part I)				neglected-lords-orchard-religiosity-in-the-cacak-region-during-the-20t	religious-life-social-practices	publication_item	checked	2026-06-23	Publication item listed in supplied cluster data.
between-old-and-new-religion-religiosity-in-the-cacak-region-during-th	Q139507189	https://www.wikidata.org/wiki/Q139507189	publication		Between “Old” and “New” Religion: Religiosity in the Čačak Region during the 20th Century (Part II)				between-old-and-new-religion-religiosity-in-the-cacak-region-during-th	religious-life-social-practices	publication_item	checked	2026-06-23	Publication item listed in supplied cluster data.
